1967,1,3249632.916108849,1022.638488769531,22.36986301369863,28.12602739726028,221.9,30.6
1967,2,5715432.338207223,1027.139282226562,19.51655629139071,30.38907284768196,219,32.90000000000001
1967,3,4073056.672727745,1026.089721679688,15.92290748898677,32.65859030837014,215.4,35.2
1967,4,5526394.23525702,1032.068725585938,17.54637436762222,31.56323777403042,217,34.1
1967,5,6104722.046140178,1025.92529296875,18.9566563467493,30.87925696594426,218.5,33.40000000000001
1967,6,3520460.30672121,1024.77294921875,19.76214833759587,32.82608695652173,219.3,35.3
1967,7,5331414.686065199,1029.738647460938,16.67012089810023,32.80138169257345,216.2,35.3
1967,8,3792036.382952851,1022.445678710938,15.92216981132077,32.14386792452831,215.4,34.6
1967,9,292682.3052977407,1019.70751953125,10.38775510204081,30.28571428571429,209.9,32.8
1967,10,1607840.852782756,1021.868774414062,24.88108108108106,30.24324324324325,224.4,32.7
1967,11,3978032.838487653,1025.402221679688,12.23502304147467,32.08294930875587,211.7,34.6
1967,12,3203237.801369969,1024.445678710938,24.82670454545457,31.52840909090908,224.3,34
1968,1,916508.5607996793,1021.417358398438,29.19819819819822,30.4864864864865,228.7,33
1968,2,0,1018.67578125,33.75,27,233.2,29.5
1968,3,3761015.193158299,1022.791198730469,19.13283208020046,26.79448621553883,218.6,29.3
1968,4,6304588.14731859,1030.083251953125,18.489552238806,31.52835820895519,218,34
1968,5,1921412.32299599,1022.233154296875,26.99543378995431,30.66666666666666,226.5,33.2
1968,6,5788874.504504018,1025.055786132812,17.89396411092982,30.37357259380097,217.4,32.90000000000001
1968,7,5139879.584992703,1023.770629882812,17.32315978456015,32.33393177737881,216.8,34.8
1968,8,4628841.628889849,1024.72607421875,15.43675889328062,32.91501976284587,214.9,35.40000000000001
1968,9,2173201.276152664,1022.379821777344,20.03515625,34.8359375,219.5,37.3
1968,10,439146.8872994091,1020.691589355469,27.13333333333334,30.21666666666667,226.6,32.7
1968,11,2334578.766915493,1023.109741210938,25.17647058823523,27.7215686274509,224.7,30.2
1968,12,572100.9040588302,1021.043029785156,30.41428571428569,26.98571428571428,229.9,29.5
1969,1,10748.9179026616,1016.683654785156,33.6,27.2,233.1,29.7
1969,2,2486946.225758977,1024.128173828125,10.92250922509225,28.06273062730626,210.4,30.6
1969,3,5293593.539415549,1024.06884765625,19.55456171735244,29.08765652951702,219.1,31.6
1969,4,5527428.152990051,1026.382080078125,16.9006968641115,28.11846689895472,216.4,30.6
1969,5,2700375.031253388,1021.737060546875,19.99999999999997,28.0733333333333,219.5,30.6
1969,6,2621887.369690952,1021.849609375,18.77666666666668,31.79333333333331,218.3,34.3
1969,7,5866939.633974204,1029.608154296875,16.72698412698409,31.99047619047638,216.2,34.5
1969,8,4729406.958567903,1027.783081054688,15.12355212355214,33.07915057915049,214.6,35.6
1969,9,2538857.140329989,1022.84130859375,12.18596491228071,31.59649122807021,211.7,34.1
1969,10,63200.37928881144,1020.121032714844,26,29.5,225.5,32
1969,11,1395826.525815218,1021.295776367188,22.5654761904762,30.47023809523809,222.1,33
1969,12,773020.0150501122,1020.907287597656,28.43010752688173,26.13978494623657,227.9,28.6
1970,1,162999.8248870487,1020.921325683594,32.81481481481481,26.51851851851852,232.3,29
1970,2,0,1019.009704589844,34,27,233.5,29.5
1970,3,5488205.540928327,1024.416870117188,19.16123499142367,30.18181818181816,218.7,32.7
1970,4,7113914.205964897,1030.644897460938,17.53773584905661,30.58490566037733,217,33.1
1970,5,6503508.757817997,1027.1767578125,18.38709677419359,30.5000000000001,217.9,33
1970,6,5835358.670940661,1024.633544921875,16.93214862681742,30.92730210016157,216.4,33.40000000000001
1970,7,5597033.954804286,1027.301513671875,15.77038269550755,32.07986688851929,215.3,34.6
1970,8,4804603.579319775,1025.1083984375,15.26857142857143,32.99809523809518,214.8,35.5
1970,9,2527458.807457717,1022.599060058594,18.99324324324324,34.30067567567569,218.5,36.8
1970,10,780372.5728879934,1021.344909667969,5.131313131313131,32.94949494949493,204.6,35.40000000000001
1970,11,3423023.280208047,1020.719604492188,17.77979274611404,27.41450777202065,217.3,29.9
1970,12,5537382.603807937,1027.596435546875,15.82675814751283,29.73413379073754,215.3,32.2
1971,1,3637510.394363595,1026.058715820312,26.11479591836731,30.19132653061226,225.6,32.7
1971,2,4938616.898544471,1027.087524414062,23.36750483558992,28.56286266924564,222.9,31.1
1971,3,5023161.869502634,1024.068359375,19.37164750957856,27.59961685823757,218.9,30.1
1971,4,6417044.828206727,1026.208984375,17.72850678733026,29.04977375565602,217.2,31.5
1971,5,6815527.57013618,1026.4716796875,18.53802816901413,30.01549295774658,218,32.5
1971,6,5752267.31190654,1023.593811035156,17.53223140495872,29.85289256198345,217,32.40000000000001
1971,7,5251869.276239088,1023.989135742188,16.92442882249562,32.25131810193324,216.4,34.8
1971,8,2893071.233537351,1025.229248046875,11.02752293577981,32.89908256880735,210.5,35.40000000000001
1971,9,3690060.295955161,1024.130126953125,13.363196125908,33.8014527845036,212.9,36.3
1971,10,4975633.145311326,1025.025268554688,17.87615526802221,32.48798521256931,217.4,35
1971,11,5608932.164650787,1025.85595703125,19.03918228279383,29.43270868824532,218.5,31.9
1971,12,6131018.30489681,1028.891845703125,17.63790446841294,31.11556240369802,217.1,33.6
1972,1,3903389.40412003,1025.849731445312,23.67132867132862,32.29370629370632,223.2,34.8
1972,2,628862.6056434015,1020.715087890625,30.67901234567905,26.70370370370371,230.2,29.2
1972,3,1654758.658987978,1022.860778808594,29.27419354838709,28.03225806451614,228.8,30.5
1972,4,6766289.920921371,1028.572998046875,17.62905500705222,30.70098730606494,217.1,33.2
1972,5,5085162.360475084,1023.554321289062,18.06111111111111,29.67037037037035,217.6,32.2
1972,6,4631236.766097276,1024.289184570312,15.52362204724414,33.03740157480317,215,35.5
1972,7,4521870.763547115,1026.058227539062,14.67002012072434,33.18712273641859,214.2,35.7
1972,8,3339061.397753487,1021.715576171875,14.56578947368421,34.38421052631578,214.1,36.9
1972,9,2546678.466859991,1024.1884765625,18.16891891891893,34.88175675675677,217.7,37.4
1972,10,2677100.942207105,1024.766479492188,19.94155844155842,33.62662337662339,219.4,36.1
1972,11,4117454.492651088,1024.104614257812,18.65127020785216,27.54041570438802,218.2,30
1972,12,938777.2179385027,1022.463134765625,30.14285714285711,29.26785714285714,229.6,31.8
1973,1,1566021.849037108,1022.163757324219,27.14450867052024,24.60693641618498,226.6,27.1
1973,2,1271321.013126875,1021.982177734375,7.507042253521124,24.31690140845071,207,26.8
1973,3,7497084.859195605,1030.597534179688,17.18335500650197,28.81534460338102,216.7,31.3
1973,4,7135487.553967649,1027.761108398438,18.13090418353572,30.02834008097171,217.6,32.5
1973,5,6227119.126226295,1025.056762695312,17.96625766871172,30.04141104294474,217.5,32.5
1973,6,5809516.22572518,1025.22607421875,16.83902439024392,30.54634146341463,216.3,33
1973,7,5144477.502229302,1025.037719726562,15.83957219251338,32.86631016042785,215.3,35.40000000000001
1973,8,5332212.618458266,1030.284057617188,16.00173010380623,32.61072664359866,215.5,35.1
1973,9,3024526.076357218,1022.416381835938,13.63283582089552,30.92238805970149,213.1,33.40000000000001
1973,10,4118089.057855044,1022.74658203125,14.98891352549889,32.27494456762745,214.5,34.8
1973,11,4594533.166677667,1023.62646484375,16.11538461538461,29.99595141700401,215.6,32.5
1973,12,2335671.89773406,1024.285522460938,27.1673306772909,25.62549800796819,226.7,28.1
1974,1,285211.1299715764,1020.180480957031,30.1276595744681,28.93617021276595,229.6,31.4
1974,2,5867806.618257063,1025.794189453125,19.51386623164759,29.1321370309951,219,31.6
1974,3,882712.8213966265,1020.768798828125,28.93939393939392,23.02020202020201,228.4,25.5
1974,4,6811042.335627167,1027.504638671875,18.56320224719099,30.20224719101143,218.1,32.7
1974,5,6511324.699482373,1026.106811523438,18.16350364963509,30.81605839416057,217.7,33.3
1974,6,5525395.832970284,1025.377319335938,16.14141414141406,32.09595959595976,215.6,34.6
1974,7,5569205.356075784,1025.339477539062,15.94304857621441,31.88442211055288,215.4,34.40000000000001
1974,8,3120653.754549514,1023.768371582031,19.88169014084506,33.26197183098594,219.4,35.8
1974,9,503478.7679866864,1019.680725097656,24.02564102564103,36.19230769230769,223.5,38.7
1974,10,3962451.602122724,1023.722717285156,21.18850574712648,31.33793103448277,220.7,33.8
1974,11,3025828.956177534,1023.415771484375,18.67142857142855,30.23999999999999,218.2,32.7
1974,12,5605673.748715554,1026.647705078125,20.17606837606831,28.36239316239307,219.7,30.9
1975,1,5325673.390964575,1027.5361328125,22.14920071047951,30.15452930728244,221.6,32.7
1975,2,1613071.069171309,1022.593505859375,27.92090395480223,25.14689265536722,227.4,27.6
1975,3,6482674.902720869,1025.816528320312,16.32436472346784,28.46786248131536,215.8,31
1975,4,7810526.404463112,1030.134033203125,17.89068322981363,29.56024844720502,217.4,32.1
1975,5,5851952.79419439,1024.763549804688,19.08306188925077,29.51954397394129,218.6,32
1975,6,6080399.619977708,1028.6474609375,16.32049306625579,31.67334360554702,215.8,34.2
1975,7,5578308.414951364,1025.544799804688,15.58123953098828,31.88442211055286,215.1,34.40000000000001
1975,8,5637800.371331402,1027.615600585938,16.23558484349261,32.25205930807255,215.7,34.8
1975,9,3866058.400100577,1024.314331054688,18.2663551401869,32.33644859813081,217.8,34.8
1975,10,4862609.206926897,1023.159912109375,16.47572815533981,29.75339805825244,216,32.3
1975,11,4045295.718435949,1024.37451171875,21.83870967741947,29.51843317972355,221.3,32
1975,12,3565548.877924872,1024.92626953125,25.40419947506561,28.93963254593178,224.9,31.4
1976,1,3293805.718630624,1026.119018554688,25.55742296918759,30.41176470588226,225.1,32.90000000000001
1976,2,5099692.885543399,1023.93310546875,19.57620817843864,29.33271375464682,219.1,31.8
1976,3,4968124.533173144,1026.257690429688,20.82287822878229,30.9317343173432,220.3,33.40000000000001
1976,4,6023045.005303207,1026.34814453125,16.58038585209002,28.29581993569134,216.1,30.8
1976,5,6642413.561263922,1026.728881835938,17.74927953890498,30.29682997118155,217.2,32.8
1976,6,5050322.062998949,1026.23583984375,16.17059891107074,32.75680580762249,215.7,35.3
1976,7,4658908.26775029,1025.097290039062,15.38323353293413,31.03792415169663,214.9,33.5
1976,8,4793516.075206398,1024.43408203125,15.09788867562379,32.65834932821496,214.6,35.2
1976,9,112185.1655122514,1019.409790039062,22.63636363636363,32.45454545454546,222.1,35
1976,10,667356.2979822875,1021.11376953125,27.69662921348314,35.42696629213482,227.2,37.9
1976,11,506767.0762193042,1020.734558105469,30.63636363636362,31.18181818181818,230.1,33.7
1976,12,2004656.035731199,1021.783996582031,26.66812227074236,30.22270742358078,226.2,32.7
1977,1,1015369.918528723,1021.147888183594,29.35245901639342,30.95081967213115,228.9,33.5
1977,2,3718700.546380869,1025.409301757812,24.0532994923857,26.65228426395939,223.6,29.2
1977,3,7401380.743399316,1033.276977539062,17.73732119635894,30.16644993498049,217.2,32.7
1977,4,6741465.169635312,1024.928955078125,18.18323863636362,30.07102272727273,217.7,32.6
1977,5,6382063.687727186,1025.774169921875,16.50074738415542,30.10911808669653,216,32.6
1977,6,4914467.149454322,1024.74267578125,18.02452830188682,31.43207547169814,217.5,33.90000000000001
1977,7,5593370.268988851,1027.05517578125,16.8692052980133,32.48675496688725,216.4,35
1977,8,2375287.012253114,1022.072448730469,18.23897058823527,32.2389705882353,217.7,34.7
1977,9,2468112.071103124,1024.209716796875,11.09655172413794,35.17931034482758,210.6,37.7
1977,10,2680540.822827764,1022.315856933594,19.75333333333332,29.95333333333333,219.3,32.5
1977,11,2607401.238947684,1023.528198242188,24.62847222222225,29.8923611111111,224.1,32.40000000000001
1977,12,32451.41274792728,1018.107482910156,33.125,26.875,232.6,29.4
1978,1,0,1019.051391601562,34,23.5,233.5,26
1978,2,65982.12716033358,1018.733337402344,33.15384615384616,25,232.7,27.5
1978,3,1030522.496146367,1021.106872558594,8.369747899159657,26.47058823529406,207.9,29
1978,4,5325812.625898688,1025.48681640625,15.71704745166961,31.01757469244293,215.2,33.5
1978,5,6140147.123487304,1027.764526367188,17.90519877675843,31.55810397553521,217.4,34.1
1978,6,6041228.092645545,1028.990966796875,17.30232558139538,31.99379844961243,216.8,34.5
1978,7,4921377.764607893,1027.900146484375,15.76066790352503,33.08905380333955,215.3,35.6
1978,8,4709784.077162765,1025.903564453125,15.70291262135922,33.09514563106799,215.2,35.6
1978,9,2788090.331860492,1022.198120117188,13.46153846153845,31.23397435897431,213,33.7
1978,10,2253931.24354627,1023.026489257812,23.09125475285169,34.45627376425855,222.6,37
1978,11,3741646.018852097,1025.8017578125,23.27980535279803,32.57420924574206,222.8,35.1
1978,12,5688003.319567357,1025.950561523438,17.35784313725496,32.43627450980402,216.9,34.90000000000001
1979,1,612234.1673531021,1020.518615722656,11.53164556962024,27.53164556962023,211,30
1979,2,4563200.676642762,1023.484619140625,18.67291666666673,28.07916666666667,218.2,30.6
1979,3,3084593.177309209,1022.325866699219,20.62574850299394,28.35928143712576,220.1,30.9
1979,4,5180763.47129296,1024.679443359375,17.85357142857139,31.91607142857141,217.4,34.40000000000001
1979,5,4902346.664394543,1024.4052734375,18.5572519083969,30.50572519083961,218.1,33
1979,6,6369150.890855472,1030.90185546875,17.13925925925923,31.50962962962961,216.6,34
1979,7,5140006.458374321,1024.044555664062,15.18592057761742,32.25270758122764,214.7,34.8
1979,8,528710.852585276,1020.486022949219,23.46478873239437,31.00000000000001,223,33.5
1979,9,501899.4379794687,1020.500610351562,7.223880597014925,32.02985074626868,206.7,34.5
1979,10,20956.87351056342,1019.062805175781,22.5,30,222,32.5
1979,11,3808426.286069047,1020.888366699219,19.07674418604654,28.33720930232558,218.6,30.8
1979,12,127792.9439759035,1020.3828125,32.77272727272728,28.59090909090909,232.3,31.1
1980,1,0,1017.551086425781,34,23.5,233.5,26
1980,2,11395.12405308542,1017.337585449219,33.6,20.8,233.1,23.3
1980,3,6610722.909098228,1029.083862304688,17.6051873198848,30.71902017291066,217.1,33.2
1980,4,4745637.540443637,1025.583740234375,17.42307692307693,27.63765182186232,216.9,30.1
1980,5,6288220.547513559,1027.20947265625,17.81297134238305,30.77677224736038,217.3,33.3
1980,6,6423800.071150173,1028.930908203125,17.2014705882353,31.46323529411762,216.7,34
1980,7,5126773.381906314,1029.411010742188,15.4362657091562,32.64991023339316,214.9,35.1
1980,8,4354523.431498254,1030.615844726562,15.37267080745342,33.71428571428572,214.9,36.2
1980,9,2991049.049151321,1022.889770507812,14.15249266862173,33.85923753665697,213.7,36.4
1980,10,1862654.973440834,1021.249816894531,16.65765765765764,29.57207207207207,216.2,32.1
1980,11,3071602.791330933,1024.07421875,24.55988023952089,28.77844311377245,224.1,31.3
1980,12,769929.1997953195,1021.470520019531,30.67368421052632,28.02105263157896,230.2,30.5
1981,1,21996.26578217066,1018.651184082031,33.57142857142857,25.28571428571429,233.1,27.8
1981,2,804996.9444461663,1021.323364257812,30.18181818181814,30.19191919191919,229.7,32.7
1981,3,4369405.557076741,1022.80029296875,17.8980044345898,26.36585365853656,217.4,28.9
1981,4,6238287.27674294,1026.606201171875,18.20789074355089,30.74658573596365,217.7,33.2
1981,5,4423201.064320122,1024.199340820312,19.16527196652713,30.14225941422592,218.7,32.6
1981,6,4990190.278343179,1025.235595703125,17.16728624535315,31.36059479553904,216.7,33.90000000000001
1981,7,4878522.385228131,1030.3525390625,15.62056074766353,33.1252336448598,215.1,35.6
1981,8,4028640.415532455,1023.180053710938,14.44866071428571,33.62500000000001,213.9,36.1
1981,9,1595401.904129478,1021.185363769531,17.57591623036648,30.97905759162304,217.1,33.5
1981,10,2398668.437375675,1020.746459960938,17.07241379310344,32.57586206896551,216.6,35.1
1981,11,1041606.406075635,1021.793151855469,6.682926829268296,28.57723577235771,206.2,31.1
1981,12,1624636.905956114,1023.093811035156,26.84699453551913,27.31147540983606,226.3,29.8
1982,1,3536556.618346078,1024.0576171875,24.27604166666666,30.86718750000001,223.8,33.40000000000001
1982,2,968984.883008143,1021.351867675781,30.56410256410251,30.36752136752132,230.1,32.90000000000001
1982,3,2522503.764253307,1027.32568359375,8.471631205673759,32.0248226950355,208,34.5
1982,4,4182807.516919983,1026.745239257812,13.6594827586207,32.89224137931033,213.2,35.40000000000001
1982,5,5566134.850242501,1027.890502929688,16.66777963272121,32.10183639398998,216.2,34.6
1982,6,1596758.601687808,1021.329162597656,22.65608465608464,32.97883597883599,222.2,35.5
1982,7,4662029.371204073,1025.443481445312,15.99610894941629,33.38910505836591,215.5,35.9
1982,8,5077074.93010439,1026.479248046875,16.11796733212338,32.63520871143375,215.6,35.1
1982,9,3503825.161161716,1024.243286132812,15.22474747474748,34.23484848484835,214.7,36.7
1982,10,327657.7272961212,1021.613586425781,3.040816326530612,36.75510204081633,202.5,39.3
1982,11,85882.46920362681,1019.124145507812,14.33333333333334,27.61111111111111,213.8,30.1
1982,12,893148.3541078443,1021.012268066406,27.50476190476186,26.00952380952377,227,28.5
1983,1,21996.26578217066,1018.715026855469,33.375,24.75,232.9,27.2
1983,2,11227.33926566693,1018.815673828125,33.2,22.4,232.7,24.9
1983,3,22625.87650358185,1019.079467773438,17,21.75,216.5,24.2
1983,4,4299893.780060493,1026.786987304688,12.25646551724138,31.07543103448275,211.8,33.6
1983,5,6088136.624194382,1024.59814453125,17.99377916018666,30.69517884914471,217.5,33.2
1983,6,5532037.436407602,1025.612060546875,16.79794520547952,30.16952054794506,216.3,32.7
1983,7,5488492.671699179,1027.58935546875,15.86949152542377,32.03728813559299,215.4,34.5
1983,8,5105007.018344356,1029.414672851562,15.06159420289854,32.30434782608696,214.6,34.8
1983,9,4010089.513119676,1027.450927734375,13.73214285714285,33.55133928571432,213.2,36.1
1983,10,1972932.659435689,1023.095764160156,8.062222222222218,32.00000000000003,207.6,34.5
1983,11,1288320.578305015,1020.963256835938,25.21088435374152,25.76190476190476,224.7,28.3
1983,12,131178.7235930931,1020.421813964844,32.54545454545455,25.59090909090909,232,28.1
1984,1,4325697.670708007,1025.994262695312,24.24836601307183,29.07407407407402,223.7,31.6
1984,2,3023023.884697557,1023.329345703125,22.76666666666665,27.60606060606059,222.3,30.1
1984,3,2769205.979005655,1023.170288085938,24.85570469798659,27.41946308724832,224.4,29.9
1984,4,6812149.137626564,1026.781005859375,17.73038516405137,28.77460770328105,217.2,31.3
1984,5,5811924.231380272,1024.867553710938,18.07742998352554,29.39209225700165,217.6,31.9
1984,6,5680592.351095052,1025.273559570312,16.90115321252061,31.75123558484356,216.4,34.3
1984,7,4068506.684338268,1026.1513671875,15.18859649122807,34.07456140350861,214.7,36.6
1984,8,4250893.761367289,1025.108520507812,14.91044776119403,33.39445628997868,214.4,35.9
1984,9,1224563.55303444,1020.895874023438,14.51552795031054,33.69565217391303,214,36.2
1984,10,2764486.058622153,1023.319213867188,22.83774834437084,29.50662251655639,222.3,32
1984,11,3900111.997185233,1022.916259765625,17.55036855036855,26.49631449631453,217.1,29
1984,12,3385066.992746611,1023.915100097656,18.48525469168898,31.8445040214477,218,34.3
1985,1,1150489.659297036,1022.728576660156,30.33812949640287,33.0503597122302,229.8,35.6
1985,2,4989356.64301268,1028.2392578125,21.714552238806,31.57089552238807,221.2,34.1
1985,3,6584164.97846433,1031.245727539062,17.20375722543355,30.95809248554914,216.7,33.5
1985,4,5692542.320177784,1024.487548828125,17.62866449511395,32.04071661237779,217.1,34.5
1985,5,5334744.625510016,1025.72705078125,16.03304347826083,32.08347826086953,215.5,34.6
1985,6,4161110.310220118,1022.879150390625,16.12095032397407,33.43196544276461,215.6,35.9
1985,7,4588288.073087559,1025.292236328125,15.06732673267322,33.27326732673254,214.6,35.8
1985,8,4456851.778693487,1029.3330078125,15.16904276985741,33.48065173116089,214.7,36
1985,9,3262866.606603152,1028.605834960938,14.67024128686326,35.00804289544234,214.2,37.5
1985,10,3887113.333169067,1024.671997070312,15.24137931034481,33.896551724138,214.7,36.4
1985,11,845768.5163944776,1021.03466796875,26.17699115044248,35.17699115044248,225.7,37.7
1985,12,817010.3431331513,1021.93017578125,31.50961538461539,32.09615384615384,231,34.6
1986,1,32550.44409714993,1020.431396484375,33.63636363636363,26.81818181818182,233.1,29.3
1986,2,22184.33518367459,1019.420166015625,33.57142857142857,24.28571428571429,233.1,26.8
1986,3,385607.9632346704,1020.661926269531,30.86274509803924,24.86274509803922,230.4,27.4
1986,4,6166973.507075156,1029.298950195312,17.04261796042623,31.77168949771693,216.5,34.3
1986,5,3576570.456792075,1022.836303710938,16.50259067357518,29.74870466321237,216,32.2
1986,6,3821214.206131206,1024.132080078125,14.05238095238095,31.81428571428577,213.6,34.3
1986,7,5433209.073178641,1027.8916015625,16.64965986394559,32.61394557823122,216.1,35.1
1986,8,3501692.612340285,1024.075927734375,15.36272040302266,34.29471032745589,214.9,36.8
1986,9,2425385.929865792,1025.55029296875,17.1161971830986,35.30281690140848,216.6,37.8
1986,10,0,1019.510559082031,25,30,224.5,32.5
1986,11,4723999.534967587,1026.277221679688,19.31201550387593,32.27519379844957,218.8,34.8
1986,12,915656.0903465918,1020.9453125,29.23423423423426,28.43243243243244,228.7,30.9
1987,1,3044874.903722479,1022.856506347656,22.27514792899413,26.78402366863905,221.8,29.3
1987,2,0,1019.528747558594,28,30,227.5,32.5
1987,3,21801.52619448833,1019.808837890625,32.28571428571428,25.85714285714286,231.8,28.4
1987,4,4227166.507903709,1024.749755859375,16.49122807017544,29.55482456140343,216,32.1
1987,5,3935887.958683128,1025.65869140625,16.35555555555556,33.80444444444439,215.9,36.3
1987,6,5321414.239749556,1024.852416992188,16.68596491228072,31.2842105263158,216.2,33.8
1987,7,4225217.838132328,1026.605712890625,13.93103448275864,33.0754310344827,213.4,35.6
1987,8,3032042.161289576,1026.18017578125,18.87499999999999,34.84090909090911,218.4,37.3
1987,9,3071756.043053658,1022.329345703125,19.49311294765837,34.04132231404957,219,36.5
1987,10,1933667.422723634,1021.55517578125,13.12916666666666,33.91666666666665,212.6,36.4
1987,11,3343929.344509104,1022.469482421875,19.40055248618786,28.32044198895029,218.9,30.8
1987,12,3242179.985071932,1023.898620605469,22.2869565217391,27.73913043478253,221.8,30.2
1988,1,1414637.54474075,1021.909423828125,27.21604938271606,26.95061728395062,226.7,29.5
1988,2,2956209.97608802,1026.526611328125,24.43939393939389,32.77575757575756,223.9,35.3
1988,3,6262935.862947359,1027.244262695312,19.59938366718033,28.61325115562407,219.1,31.1
1988,4,3729794.063702117,1024.296752929688,13.19395465994964,28.6876574307304,212.7,31.2
1988,5,5802538.264803604,1025.14013671875,17.22591362126252,29.00996677740868,216.7,31.5
1988,6,5606941.225797198,1024.655395507812,16.38632478632473,29.28034188034179,215.9,31.8
1988,7,5015534.644097609,1024.8193359375,16.11559633027526,32.14862385321101,215.6,34.6
1988,8,4286896.623733647,1024.9951171875,14.12869198312236,33.27004219409283,213.6,35.8
1988,9,3498218.090337203,1023.30810546875,15.32828282828284,34.11868686868674,214.8,36.6
1988,10,165222.2504804975,1019.450317382812,27.17857142857142,31.64285714285714,226.7,34.1
1988,11,4345639.261271773,1023.779479980469,18.39824945295407,28.45076586433265,217.9,31
1988,12,4560499.650476822,1025.970581054688,23.5246913580247,30.31069958847737,223,32.8
1989,1,6878316.462687359,1030.083129882812,18.89958158995817,29.9776847977684,218.4,32.5
1989,2,4376984.250264178,1025.087524414062,23.61392405063292,31.30590717299583,223.1,33.8
1989,3,614800.385345891,1021.319458007812,29.90789473684213,25.17105263157894,229.4,27.7
1989,4,3532698.976879509,1023.65185546875,16.75062344139653,29.53865336658334,216.3,32
1989,5,6388098.528252129,1025.796142578125,17.45266272189347,31.5547337278106,217,34.1
1989,6,4912567.467001426,1024.211669921875,15.10506566604128,31.98499061913695,214.6,34.5
1989,7,6124901.211291679,1029.732543945312,16.62787136294029,31.78560490045944,216.1,34.3
1989,8,4785868.238792947,1028.520263671875,15.74187380497121,32.98087954110901,215.2,35.5
1989,9,2594035.525572607,1024.05029296875,14.61258278145694,34.04966887417228,214.1,36.5
1989,10,2244295.052700298,1022.408935546875,21.1322957198443,32.24124513618668,220.6,34.7
1989,11,2012629.08748517,1023.152587890625,26.67659574468087,33.69787234042554,226.2,36.2
1989,12,1762304.804824924,1023.585571289062,28.7389162561576,32.70443349753695,228.2,35.2
1990,1,4330972.93514762,1023.993835449219,20.09574468085107,31.00851063829787,219.6,33.5
1990,2,5702829.02036847,1025.193237304688,18.07479674796749,32.16097560975607,217.6,34.7
1990,3,4056586.278022118,1023.792236328125,19.013856812933,27.78290993071593,218.5,30.3
1990,4,2786401.75240581,1021.636779785156,22.46103896103903,29.20779220779221,222,31.7
1990,5,5492127.467331087,1025.227783203125,15.76870748299319,31.30102040816322,215.3,33.8
1990,6,5987798.766393253,1025.869262695312,16.08201892744478,31.1072555205047,215.6,33.6
1990,7,4171374.228270308,1024.004272460938,14.33405172413795,33.56249999999993,213.8,36.1
1990,8,4086730.992996476,1024.711669921875,14.49999999999999,33.01106194690264,214,35.5
1990,9,3451389.859170227,1023.306274414062,15.5487179487179,33.08461538461546,215,35.6
1990,10,4763597.71841955,1023.572021484375,16.53831417624522,32.6800766283525,216,35.2
1990,11,4985328.693943975,1025.689819335938,19.34432234432232,32.97802197802214,218.8,35.5
1990,12,4775886.770068683,1028.008178710938,19.79423076923078,32.78653846153848,219.3,35.3
1991,1,1523775.958778686,1022.931274414062,28.93956043956044,33.52747252747253,228.4,36
1991,2,454868.4408024179,1021.1640625,31.51666666666668,29.16666666666667,231,31.7
1991,3,4826911.356910262,1027.245971679688,13.29651162790694,30.61627906976741,212.8,33.1
1991,4,6210019.985233154,1025.416137695312,18.18894009216586,30.13056835637478,217.7,32.6
1991,5,6004284.831011013,1026.806518554688,18.17084639498435,31.17711598746083,217.7,33.7
1991,6,5539983.090694175,1026.7880859375,16.39130434782612,32.34615384615383,215.9,34.8
1991,7,4885111.059943305,1024.82373046875,16.46542056074764,33.18317757009346,216,35.7
1991,8,4882388.411002453,1023.518493652344,15.8964218455744,32.52730696798499,215.4,35
1991,9,1571500.684829049,1022.969360351562,21.72395833333333,35.82291666666666,221.2,38.3
1991,10,1633394.510442087,1023.503112792969,21.49748743718594,36.11055276381914,221,38.6
1991,11,3102103.159338389,1024.710815429688,24.57522123893805,30.08554572271384,224.1,32.6
1991,12,2678576.699959116,1021.892211914062,16.52027027027029,29.27027027027025,216,31.8
1992,1,494716.3544641085,1020.808959960938,27.140625,27.40625,226.6,29.9
1992,2,33411.67444934152,1016.888305664062,33.55555555555556,23.22222222222222,233.1,25.7
1992,3,2146731.308867153,1022.006958007812,11.3448275862069,25.89655172413793,210.8,28.4
1992,4,823666.6072935305,1021.163452148438,28.3030303030303,26.5858585858586,227.8,29.1
1992,5,471694.9827485177,1021.018127441406,27.71621621621622,36.51351351351352,227.2,39
1992,6,4011646.065025235,1024.156372070312,15.09403669724771,31.47706422018346,214.6,34
1992,7,4328369.654343168,1027.087768554688,15.02922755741124,33.63674321503125,214.5,36.1
1992,8,5029078.515347273,1024.160034179688,15.79487179487174,32.59890109890125,215.3,35.1
1992,9,2551101.762047614,1022.896667480469,14.63087248322149,35.39261744966443,214.1,37.9
1992,10,31821.10129395608,1018.784362792969,19.7,28.6,219.2,31.1
1992,11,1908278.964929804,1022.74365234375,27.15668202764972,30.82027649769579,226.7,33.3
1992,12,5405758.628359498,1026.228149414062,17.24137931034479,31.5620689655172,216.7,34.1
1993,1,11227.33926566693,1017.850952148438,33.5,22.5,233,25
1993,2,0,1017.596008300781,34,22.5,233.5,25
1993,3,2577487.097198787,1022.051879882812,21.24475524475532,25.2272727272727,220.7,27.7
1993,4,4572650.953678802,1024.184448242188,18.28541226215641,26.68076109936571,217.8,29.2
1993,5,1329659.842593655,1022.107116699219,7.350993377483445,27.67549668874169,206.9,30.2
1993,6,4196309.720505552,1023.85009765625,16.26373626373621,31.22637362637353,215.8,33.7
1993,7,4846554.726156881,1028.0869140625,15.85714285714288,33.16541353383463,215.4,35.7
1993,8,4446112.257394233,1026.0537109375,15.89613034623215,33.50916496945013,215.4,36
1993,9,2293018.876798273,1025.300537109375,19.6397058823529,35.48897058823529,219.1,38
1993,10,154093.3200413671,1019.477172851562,23.10344827586207,36.86206896551725,222.6,39.4
1993,11,3751627.369391212,1024.634155273438,15.33642691415315,34.80278422273777,214.8,37.3
1993,12,4274466.615503576,1023.612976074219,18.22444444444448,28.14666666666671,217.7,30.6
1994,1,1850784.999685439,1022.694458007812,28.1190476190476,30.04761904761905,227.6,32.5
1994,2,2295932.715689498,1022.197875976562,13.52895752895753,30.23938223938225,213,32.7
1994,3,4721757.246066526,1022.942565917969,17.80527383367139,28.34888438133873,217.3,30.8
1994,4,5516005.241629692,1025.37744140625,17.73519163763064,28.89372822299654,217.2,31.4
1994,5,5643215.150169168,1025.422485351562,17.4721753794266,29.73861720067457,217,32.2
1994,6,5741789.59213492,1026.843627929688,16.52922077922079,32.05519480519484,216,34.6
1994,7,5082470.097126413,1026.313598632812,16.124773960217,32.91139240506328,215.6,35.40000000000001
1994,8,4853896.06219966,1026.863891601562,16.10922787193975,33.02071563088516,215.6,35.5
1994,9,3461237.696481988,1023.547607421875,15.71979434447301,33.58611825192803,215.2,36.1
1994,10,2023926.718254301,1022.468688964844,19.4273504273504,32.55128205128207,218.9,35.1
1994,11,6602410.711369007,1028.661499023438,17.4978354978355,30.68542568542567,217,33.2
1994,12,4484910.467242314,1023.596557617188,17.99568965517238,26.70689655172413,217.5,29.2
1995,1,45416.1246097524,1019.436950683594,32.90909090909091,21.09090909090909,232.4,23.6
1995,2,73385.81485588812,1019.72265625,33.27777777777778,29.5,232.8,32
1995,3,0,1019.790405273438,33.66666666666667,24.66666666666667,233.2,27.2
1995,4,4229195.324616917,1023.217956542969,17.66814159292035,29.20353982300883,217.2,31.7
1995,5,4367308.163356458,1022.931335449219,17.58350951374202,31.08668076109936,217.1,33.6
1995,6,4934505.608200384,1024.59716796875,17.49809885931557,30.35551330798483,217,32.90000000000001
1995,7,4710509.421825427,1027.464477539062,14.87329434697852,32.86549707602332,214.4,35.40000000000001
1995,8,4338623.60097055,1029.870483398438,13.98319327731093,33.02731092436976,213.5,35.5
1995,9,30566.21915995781,1020.134216308594,25.27272727272727,32.45454545454545,224.8,35
1995,10,4214765.47420697,1023.736572265625,17.14038876889848,32.15550755939526,216.6,34.7
1995,11,1955728.923406994,1022.023193359375,26.40825688073394,28.5091743119266,225.9,31
1995,12,1903633.951568607,1022.828125,26.73039215686274,24.78921568627451,226.2,27.3
1996,1,1849539.21676373,1023.020263671875,27.68472906403936,27.25123152709354,227.2,29.8
1996,2,67090.30014015865,1019.206481933594,32.99999999999999,23,232.5,25.5
1996,3,360942.0691257719,1020.611572265625,31.68749999999999,25.54166666666667,231.2,28
1996,4,3498437.646962468,1022.92529296875,20.41509433962265,26.1832884097035,219.9,28.7
1996,5,2926486.037277394,1021.37939453125,22.92774566473988,32.55780346820815,222.4,35.1
1996,6,5867659.272843601,1026.177368164062,16.92197452229302,32.00318471337584,216.4,34.5
1996,7,5319239.663757781,1027.3896484375,15.71602787456446,32.29094076655051,215.2,34.8
1996,8,4193387.069377478,1024.115844726562,16.241452991453,33.92735042735048,215.7,36.4
1996,9,2178988.22426065,1022.170104980469,18.00000000000001,33.56126482213436,217.5,36.1
1996,10,2692353.307849019,1022.897033691406,21.39464882943146,30.90969899665552,220.9,33.40000000000001
1996,11,1471747.681560405,1021.999633789062,27.37125748503004,28.87425149700601,226.9,31.4
1996,12,217760.9836427621,1020.530700683594,32,26.0625,231.5,28.6
1997,1,1028141.459782283,1022.365600585938,30.32203389830508,25.46610169491525,229.8,28
1997,2,4832550.705962132,1026.654907226562,22.52723735408561,29.71789883268494,222,32.2
1997,3,4969135.564764661,1024.979370117188,20.03225806451614,29.47628083491462,219.5,32
1997,4,3729156.323590749,1024.301147460938,23.76455696202535,28.36455696202529,223.3,30.9
1997,5,0,1018.754516601562,31,27,230.5,29.5
1997,6,4834617.210519298,1025.564453125,15.3822393822394,31.00772200772198,214.9,33.5
1997,7,4955106.130198428,1025.495483398438,15.88333333333332,33.00925925925923,215.4,35.5
1997,8,3384189.08224369,1024.314575195312,12.8,33.47894736842105,212.3,36
1997,9,1154773.09765589,1021.0546875,10.44285714285713,31.43571428571425,209.9,33.90000000000001
1997,10,2797248.664365917,1023.312561035156,19.69871794871796,31.54166666666664,219.2,34
1997,11,282813.70162166,1022.044311523438,2.813953488372094,29.97674418604651,202.3,32.5
1997,12,3880155.974580581,1022.244384765625,18.23913043478262,27.95893719806766,217.7,30.5
1998,1,0,1020.013671875,33,24,232.5,26.5
1998,2,1590388.101104153,1020.695922851562,16.49723756906077,21.85635359116022,216,24.4
1998,3,2894039.306663398,1021.721801757812,19.96141479099678,25.66881028938906,219.5,28.2
1998,4,7302817.261694178,1028.805908203125,16.90279627163784,28.94141145139808,216.4,31.4
1998,5,6334808.88110738,1030.209228515625,15.39366515837099,29.84917043740564,214.9,32.3
1998,6,6137984.228830451,1030.799438476562,16.43251533742338,31.44938650306745,215.9,33.90000000000001
1998,7,5718876.739609116,1026.281982421875,15.9050736497545,31.76759410801963,215.4,34.3
1998,8,5471906.614564457,1026.076538085938,16.23011844331641,32.48054145516077,215.7,35
1998,9,3582285.837671439,1023.615478515625,12.51256281407042,33.29145728643214,212,35.8
1998,10,4919947.45343638,1024.40087890625,16.31106870229006,30.42748091603041,215.8,32.90000000000001
1998,11,4493221.603485678,1024.011962890625,17.63519313304724,27.26824034334768,217.1,29.8
1998,12,6924567.216582575,1029.4072265625,19.60448807854145,28.58485273492282,219.1,31.1
1999,1,4841691.951196397,1024.602661132812,20.63654223968564,28.40471512770133,220.1,30.9
1999,2,5594855.812398874,1025.767456054688,18.52920353982296,25.41415929203541,218,27.9
1999,3,5784902.760428346,1027.224487304688,15.95999999999999,28.39500000000007,215.5,30.9
1999,4,7665317.264563493,1029.369384765625,17.55555555555548,29.84090909090945,217.1,32.3
1999,5,6671644.641883439,1028.249633789062,18.64234620886977,30.53361945636628,218.1,33
1999,6,5602922.354458063,1025.449096679688,16.71669477234399,30.72006745362566,216.2,33.2
1999,7,5448534.379679993,1031.071044921875,16.03571428571428,32.3469387755101,215.5,34.8
1999,8,5011023.294780111,1023.913818359375,14.62569832402232,31.32402234636871,214.1,33.8
1999,9,3922254.399267787,1024.728515625,15.12585812356979,32.93592677345541,214.6,35.40000000000001
1999,10,3634286.417740639,1021.245544433594,16.14540816326529,29.86989795918369,215.6,32.40000000000001
1999,11,2861232.188857617,1023.86181640625,14.57453416149067,27.69875776397514,214.1,30.2
1999,12,4739292.739059051,1028.184814453125,23.28628230616302,30.06163021868788,222.8,32.6
2000,1,5006722.089001953,1023.123229980469,17.27566539923954,27.78326996197723,216.8,30.3
2000,2,3251000.620874251,1022.172241210938,18.16617210682489,23.41839762611277,217.7,25.9
2000,3,5859897.476547691,1025.629150390625,19.19572368421052,28.37828947368421,218.7,30.9
2000,4,5695936.723097872,1026.003662109375,15.93378607809845,28.12224108658743,215.4,30.6
2000,5,4187241.320335639,1023.824401855469,17.91196388261851,28.40857787810386,217.4,30.9
2000,6,4325988.08811032,1024.411499023438,15.90566037735848,32.7589098532497,215.4,35.3
2000,7,5739406.111963943,1028.701049804688,17.04376012965964,32.27552674230147,216.5,34.8
2000,8,4706214.994621992,1028.996826171875,15.86100386100387,33.32432432432424,215.4,35.8
2000,9,2323402.737434517,1023.212097167969,17.28044280442804,34.43173431734318,216.8,36.9
2000,10,3789689.714928752,1023.85498046875,16.07506053268764,31.15012106537525,215.6,33.7
2000,11,4760327.49392465,1024.711669921875,19.96055226824459,29.67652859960552,219.5,32.2
2000,12,2010278.157926036,1021.358825683594,26.40444444444446,27.98666666666669,225.9,30.5
2001,1,3477281.556909414,1023.990295410156,23.52762430939226,25.72099447513812,223,28.2
2001,2,4350546.593660169,1023.157409667969,18.23142250530789,29.87685774946925,217.7,32.40000000000001
2001,3,5054205.751540838,1023.172790527344,19.43283582089556,29.22388059701495,218.9,31.7
2001,4,7124090.493901663,1028.7939453125,17.12313937753722,29.9120433017592,216.6,32.40000000000001
2001,5,5154228.183896971,1024.7236328125,17.48288288288289,31.51171171171173,217,34
2001,6,5156295.694258144,1025.05224609375,16.59074733096082,33.02491103202846,216.1,35.5
2001,7,5158499.320516909,1029.09326171875,16.19572953736652,32.80960854092525,215.7,35.3
2001,8,4280928.553901179,1024.547485351562,14.78064516129032,31.44086021505381,214.3,33.90000000000001
2001,9,1532497.632672256,1020.242919921875,11.48648648648648,31.6810810810811,211,34.2
2001,10,4133769.897368254,1023.889282226562,15.26781857451403,33.91792656587473,214.8,36.4
2001,11,21900.55754371098,1020.053771972656,32.71428571428572,25.42857142857143,232.2,27.9
2001,12,2753598.773260495,1022.970886230469,22.79999999999998,27.26779661016955,222.3,29.8
2002,1,3589153.972370143,1024.263793945312,23.83589743589743,30.10256410256418,223.3,32.6
2002,2,4749790.789564675,1024.160034179688,20.50295857988167,28.98422090729782,220,31.5
2002,3,5003903.806663258,1023.964599609375,21.35393258426974,30.07677902621729,220.9,32.6
2002,4,4565727.363867475,1024.75146484375,21.68356997971594,31.69979716024338,221.2,34.2
2002,5,4345080.958137779,1023.451904296875,20.26793248945151,31.12658227848103,219.8,33.6
2002,6,4235081.101145187,1024.040771484375,17.93681917211328,30.8736383442265,217.4,33.40000000000001
2002,7,4965297.015597294,1026.213989257812,15.39667896678966,32.8228782287823,214.9,35.3
2002,8,4331137.619090339,1025.377685546875,16.39085239085242,33.60914760914763,215.9,36.1
2002,9,2417927.773109804,1022.535766601562,15.19928825622776,34.54448398576512,214.7,37
2002,10,1913372.510314721,1022.906005859375,23.54867256637169,34.14601769911503,223,36.6
2002,11,416635.771871216,1020.516235351562,30.05454545454545,28.14545454545455,229.6,30.6
2002,12,2319626.413064391,1021.952819824219,19.96862745098033,24.4823529411764,219.5,27
2003,1,281202.6978821963,1021.196960449219,32.42857142857144,26.95238095238095,231.9,29.5
2003,2,1809521.465774623,1021.764587402344,21.01363636363641,33.29545454545455,220.5,35.8
2003,3,2290863.868877057,1022.102661132812,24.87903225806455,26.78629032258069,224.4,29.3
2003,4,5859963.527731359,1026.730590820312,15.79153094462538,29.53420195439731,215.3,32
2003,5,5259189.581205777,1024.038330078125,17.82352941176473,30.46167557932263,217.3,33
2003,6,3567999.491562831,1023.191650390625,15.98750000000001,32.97749999999999,215.5,35.5
2003,7,5202237.427499802,1025.147094726562,16.16814159292034,32.74336283185838,215.7,35.2
2003,8,4914895.309095759,1025.559204101562,15.45131086142325,32.82771535580522,215,35.3
2003,9,1924684.311314569,1022.804870605469,17.66375545851524,34.10043668122272,217.2,36.6
2003,10,502897.793467689,1020.584899902344,24.24242424242425,30.03030303030301,223.7,32.5
2003,11,3919661.81728558,1030.302978515625,16.06772009029345,33.54401805869077,215.6,36
2003,12,864831.4686399753,1021.019348144531,27.98019801980196,25.47524752475247,227.5,28
2004,1,1048923.473864848,1021.843566894531,29.67213114754097,26.78688524590164,229.2,29.3
2004,2,1564804.644521735,1021.73681640625,26.96511627906979,25.44767441860466,226.5,27.9
2004,3,4959074.604189114,1024.62744140625,19.74814814814814,30.81851851851847,219.2,33.3
2004,4,4423961.057071765,1023.239379882812,19.46008403361346,29.514705882353,219,32
2004,5,4465358.675458987,1023.343811035156,19.97137014314921,32.32515337423313,219.5,34.8
2004,6,5439622.38113529,1024.4814453125,17.84760273972605,31.5616438356163,217.3,34.1
2004,7,4357628.700797439,1025.025756835938,15.18371607515654,33.27557411273481,214.7,35.8
2004,8,3790300.925602813,1022.055603027344,14.63182897862235,33.209026128266,214.1,35.7
2004,9,3704950.251117608,1023.908569335938,15.40334128878279,34.60381861575177,214.9,37.1
2004,10,2970509.028836839,1022.74609375,14.0922619047619,33.30654761904759,213.6,35.8
2004,11,4647010.139186353,1026.77392578125,22.63999999999998,31.28399999999998,222.1,33.8
2004,12,3665191.804984814,1022.840393066406,21.97704081632652,29.51020408163265,221.5,32
2005,1,153953.8499166605,1020.182739257812,32.17391304347827,25,231.7,27.5
2005,2,160890.8131409747,1020.631652832031,2.923076923076923,27.65384615384616,202.4,30.2
2005,3,1608401.606532079,1022.336242675781,28.19886363636363,25.41477272727274,227.7,27.9
2005,4,6262364.332201877,1025.46923828125,17.21932515337428,29.66564417177911,216.7,32.2
2005,5,2015055.290879943,1021.347290039062,19.44978165938862,27.16593886462881,218.9,29.7
2005,6,5650589.680729966,1027.578125,15.65448504983392,31.38372093023255,215.2,33.90000000000001
2005,7,5262185.95005668,1025.5400390625,15.24338624338626,32.21869488536164,214.7,34.7
2005,8,3975054.969818865,1023.215454101562,15.97986577181207,34.11856823266218,215.5,36.6
2005,9,5072809.798857541,1027.772583007812,16.48007246376813,32.90760869565221,216,35.40000000000001
2005,10,4396933.735964417,1023.596618652344,15.96170212765958,29.88723404255317,215.5,32.40000000000001
2005,11,4306479.159255182,1024.476928710938,23.22077922077925,30.92640692640693,222.7,33.40000000000001
2005,12,756198.7136990877,1021.56591796875,30.10989010989007,25.41758241758239,229.6,27.9
2006,1,4914094.382209614,1025.102294921875,19.18737672583827,26.73175542406315,218.7,29.2
2006,2,5328179.004771914,1023.494140625,18.47602739726026,32.74657534246558,218,35.2
2006,3,5195983.171701931,1026.560668945312,16.83847549909251,29.40108892921959,216.3,31.9
2006,4,5658628.162302623,1028.783935546875,14.69528619528611,29.54377104377118,214.2,32
2006,5,5655004.091343178,1024.255004882812,16.45936981757881,31.24378109452728,216,33.7
2006,6,5300484.534756628,1024.652465820312,16.55574912891986,32.30487804878044,216.1,34.8
2006,7,5083014.17700447,1025.24951171875,15.3869801084991,32.70705244122966,214.9,35.2
2006,8,4782949.386760404,1029.1083984375,16.01714285714286,33.21142857142853,215.5,35.7
2006,9,3933255.394625384,1024.580078125,17.40045766590389,32.88100686498858,216.9,35.40000000000001
2006,10,2799792.18425406,1025.087036132812,22.05956112852658,33.81818181818183,221.6,36.3
2006,11,2635237.133538079,1023.514221191406,24.10175438596496,28.50877192982458,223.6,31
2006,12,4856887.314202977,1026.475463867188,20.40954274353878,26.33996023856859,219.9,28.8
2007,1,5358436.456505641,1029.835815429688,22.26642984014203,29.58081705150978,221.8,32.1
2007,2,4728787.936779301,1024.15185546875,19.87195121951221,27.18292682926827,219.4,29.7
2007,3,4184288.568145921,1025.986938476562,23.95505617977524,29.28539325842692,223.5,31.8
2007,4,5803186.116801624,1025.170043945312,18.8860971524288,27.55108877721949,218.4,30.1
2007,5,6160020.823137743,1025.67919921875,18.63157894736849,30.08513931888542,218.1,32.6
2007,6,5732228.159755064,1025.53076171875,16.79836065573766,30.98852459016386,216.3,33.5
2007,7,4041157.787449944,1024.937744140625,14.25576036866359,30.5622119815669,213.8,33.1
2007,8,4293935.961077224,1027.541259765625,13.7404255319149,32.91276595744677,213.2,35.40000000000001
2007,9,4475541.828721466,1026.827880859375,14.5752032520325,33.12195121951224,214.1,35.6
2007,10,4819390.524550769,1024.118774414062,15.4448742746615,31.12572533849129,214.9,33.6
2007,11,3375614.050082425,1023.677429199219,24.30810810810805,31.04594594594598,223.8,33.5
2007,12,5776916.324985296,1026.976196289062,20.22185430463573,29.00331125827797,219.7,31.5
2008,1,5249678.714131742,1023.193420410156,16.63883847549905,29.11433756805804,216.1,31.6
2008,2,5209586.87915352,1025.008178710938,21.53038674033143,27.97790055248618,221,30.5
2008,3,7026295.099509208,1028.787841796875,18.80413793103452,29.11999999999993,218.3,31.6
2008,4,6683560.156252537,1026.64697265625,17.95028409090907,31.11079545454545,217.5,33.6
2008,5,5730885.508427992,1025.21875,18.78360655737698,30.76065573770483,218.3,33.3
2008,6,5774914.22879191,1025.995971679688,16.5741935483871,32.16129032258064,216.1,34.7
2008,7,4224350.227244815,1027.29833984375,14.27021276595745,33.51702127659571,213.8,36
2008,8,3840924.720581876,1023.973266601562,13.66826923076925,31.11057692307692,213.2,33.6
2008,9,1452784.613124474,1021.046142578125,19.45303867403313,34.33701657458563,219,36.8
2008,10,5255043.673248347,1022.851928710938,17.53697183098589,31.91901408450703,217,34.40000000000001
2008,11,4792020.618208586,1023.921142578125,19.45908183632736,27.97205588822357,219,30.5
2008,12,5509890.188974831,1026.530517578125,20.23711340206185,30.29725085910668,219.7,32.8
2009,1,4949111.165239469,1027.146484375,22.41682600382401,29.83938814531551,221.9,32.3
2009,2,5506810.474778127,1030.057495117188,14.38194444444444,28.26388888888884,213.9,30.8
2009,3,6853404.948892672,1028.637817382812,17.9026425591099,30.89707927677331,217.4,33.40000000000001
2009,4,6774053.422712375,1024.8037109375,17.9831460674157,30.99719101123621,217.5,33.5
2009,5,2375916.684697091,1022.63671875,24.87969924812032,30.33458646616544,224.4,32.8
2009,6,3989671.82638206,1024.499633789062,15.583908045977,31.39080459770118,215.1,33.90000000000001
2009,7,4989839.891120949,1024.914184570312,15.61510128913445,32.74033149171274,215.1,35.2
2009,8,4213875.562700732,1024.144409179688,14.95299145299146,33.72435897435902,214.5,36.2
2009,9,2221315.84051973,1021.26904296875,13.68897637795276,31.63779527559058,213.2,34.1
2009,10,871004.6206460418,1021.135681152344,22.7547169811321,30.90566037735849,222.3,33.40000000000001
2009,11,4139147.127861063,1025.585571289062,16.50446428571428,30.56919642857144,216,33.1
2009,12,43504.02103975401,1019.601928710938,32.5,26.2,232,28.7
2010,1,44642.38378574518,1017.347412109375,32.16666666666666,23.33333333333333,231.7,25.8
2010,2,154818.4992442557,1018.947021484375,27.8,24.36,227.3,26.9
2010,3,4934789.6114256,1025.801147460938,16.623046875,27.853515625,216.1,30.4
2010,4,5127403.929934757,1026.033935546875,13.7863720073665,29.75138121546961,213.3,32.3
2010,5,6721089.173993018,1026.608764648438,17.91440798858777,30.04136947218262,217.4,32.5
2010,6,7059581.835206516,1027.0556640625,17.12178619756429,30.58322056833567,216.6,33.1
2010,7,5074289.658650308,1031.495361328125,15.07427536231883,32.49818840579712,214.6,35
2010,8,5201429.681214653,1028.477416992188,14.67262969588552,32.03577817531311,214.2,34.5
2010,9,1516779.609886679,1021.497314453125,9.044198895027625,30.67955801104973,208.5,33.2
2010,10,3940672.807350141,1021.980285644531,16.06937799043063,28.24162679425835,215.6,30.7
2010,11,6247711.016304234,1026.794311523438,18.57575757575754,30.89848484848486,218.1,33.40000000000001
2010,12,69333.40581233949,1020.666748046875,1.8125,35.3125,201.3,37.8
2011,1,2846765.587689454,1024.32568359375,26.53205128205123,30.44871794871793,226,32.90000000000001
2011,2,5769399.551824182,1025.92431640625,20.90327868852453,30.70491803278681,220.4,33.2
2011,3,4810162.03914033,1024.790893554688,17.14574898785425,26.43319838056678,216.6,28.9
2011,4,6703192.684234809,1025.878295898438,18.09348441926347,30.95750708215275,217.6,33.5
2011,5,6784941.775750146,1027.894165039062,17.07594936708862,30.56399437412094,216.6,33.1
2011,6,5808497.617295043,1027.6611328125,15.52998379254454,31.45542949756885,215,34
2011,7,4988764.851330835,1030.437866210938,14.95748613678373,32.57301293900183,214.5,35.1
2011,8,5027884.191577477,1024.410034179688,15.22710622710618,32.60439560439574,214.7,35.1
2011,9,2174347.361035929,1021.343383789062,15.55465587044534,29.25101214574896,215.1,31.8
2011,10,4272123.998417142,1022.839782714844,15.36129032258065,31.79139784946237,214.9,34.3
2011,11,6093722.992206713,1026.885498046875,16.49688473520253,30.62616822429898,216,33.1
2011,12,6335164.37847996,1028.951171875,19.0377073906485,30.07692307692298,218.5,32.6
2012,1,3580917.915392471,1024.773803710938,24.607329842932,28.05759162303665,224.1,30.6
2012,2,5230870.090334441,1024.31494140625,20.64285714285714,28.25457875457887,220.1,30.8
2012,3,4729151.142948957,1027.122436523438,15.47399999999997,28.18999999999995,215,30.7
2012,4,5354698.867630475,1025.111450195312,16.38336347197105,27.76491862567815,215.9,30.3
2012,5,6543813.063519234,1026.180053710938,17.35703918722785,31.08708272859216,216.9,33.6
2012,6,5756925.348219507,1026.149658203125,15.83387622149834,31.49348534201945,215.3,34
2012,7,5548882.60546081,1028.106323242188,16.3467336683417,32.37688442211066,215.8,34.90000000000001
2012,8,4815060.919475262,1024.6884765625,14.53154875717008,32.59847036328875,214,35.1
2012,9,5151788.016376491,1025.980834960938,16.58571428571425,32.43214285714285,216.1,34.90000000000001
2012,10,592889.7170170492,1020.523254394531,22.39473684210525,28.97368421052633,221.9,31.5
2012,11,1677481.821002326,1020.969665527344,16.42857142857139,27.90952380952383,215.9,30.4
2012,12,4595301.563249371,1023.761352539062,18.58713692946055,28.29253112033205,218.1,30.8
2013,1,4513039.563123364,1027.278686523438,22.63298969072158,31.13195876288651,222.1,33.6
2013,2,7093582.730876436,1030.466064453125,17.81596752368065,30.00947225981061,217.3,32.5
2013,3,2912810.316053328,1022.234436035156,26.24375000000001,30.29687500000001,225.7,32.8
2013,4,4782930.47952615,1026.4814453125,21.9235294117647,30.87647058823542,221.4,33.40000000000001
2013,5,5237368.991048753,1024.489379882812,19.69094138543511,31.29840142095915,219.2,33.8
2013,6,5118090.005146691,1024.469604492188,15.07789855072463,32.09782608695654,214.6,34.6
2013,7,4478245.768248766,1027.822143554688,15.64788732394365,33.66800804828981,215.1,36.2
2013,8,2544645.11082502,1022.15673828125,11.49128919860627,31.08013937282231,211,33.6
2013,9,2312890.73715605,1022.929443359375,9.909090909090915,32.71590909090911,209.4,35.2
2013,10,2813578.684034264,1024.176147460938,21.99999999999998,33.99690402476778,221.5,36.5
2013,11,492164.1098965495,1020.408813476562,24.90769230769228,31.87692307692309,224.4,34.40000000000001
2013,12,4477802.924544167,1028.472412109375,22.1614906832298,31.648033126294,221.7,34.1
2014,1,1657740.138387593,1023.043518066406,29.18229166666666,31.84375,228.7,34.3
2014,2,139514.9124504198,1020.258850097656,30.95833333333333,27.75,230.5,30.2
2014,3,1520483.667303036,1021.906616210938,27.41764705882352,27.75882352941176,226.9,30.3
2014,4,5273004.99958381,1025.292236328125,16.9981981981982,29.84684684684687,216.5,32.3
2014,5,4328002.771178004,1024.603881835938,21.36324786324791,31.39529914529919,220.9,33.90000000000001
2014,6,4922802.140308062,1025.908569335938,15.76765799256505,33.05018587360599,215.3,35.6
2014,7,4729219.009642695,1024.760009765625,15.60192307692308,33.26346153846155,215.1,35.8
2014,8,3491257.914245201,1023.46435546875,15.61809045226138,34.73618090452256,215.1,37.2
2014,9,108082.1507196275,1018.740417480469,18.1,35.3,217.6,37.8
2014,10,74820.01824335562,1019.597961425781,16.875,28.0625,216.4,30.6
2014,11,298670.8010752298,1020.414245605469,30.76744186046513,28.27906976744186,230.3,30.8
2014,12,86902.41438878819,1019.42724609375,32.4375,26.375,231.9,28.9
2015,1,1180356.230209407,1022.421691894531,30.16901408450702,32.43661971830988,229.7,34.90000000000001
2015,2,21286.63226768486,1020.071411132812,32,28.28571428571428,231.5,30.8
2015,3,3564440.038887265,1022.752685546875,22.24937027707795,28.77078085642314,221.7,31.3
2015,4,6390118.053353172,1028.036254882812,17.28360413589367,31.50516986706059,216.8,34
2015,5,5084904.253008077,1023.912170410156,15.97096188747729,32.69509981851178,215.5,35.2
2015,6,3037515.140624729,1023.089477539062,18.30199430199427,33.87749287749283,217.8,36.4
2015,7,1452839.684683312,1017.67236328125,13.02717391304348,36.92391304347829,212.5,39.4
2015,8,1559809.19524472,1019.241149902344,10.50520833333333,36.84375,210,39.3
2015,9,4106767.295472526,1026.914794921875,15.30065359477122,34.08496732026142,214.8,36.6
2015,10,72143.74264535047,1009.640380859375,27.5,31.5,227,34
2015,11,5559171.657928413,1026.60693359375,17.54424040066776,32.39232053422368,217,34.90000000000001
2015,12,53216.58066921296,1016.370178222656,24.5,28.57142857142858,224,31.1
2016,1,0,1013.044982910156,33.5,25,233,27.5
2016,2,1382660.184664827,1023.001403808594,29.30864197530864,29.27160493827162,228.8,31.8
2016,3,1383305.035616515,1021.830078125,27.34193548387095,26.00000000000001,226.8,28.5
2016,4,5006143.500172857,1023.991455078125,17.87145557655955,29.58034026465029,217.4,32.1
2016,5,597629.6999425481,1017.119323730469,21.75,36.75000000000001,221.2,39.3
2016,6,4914966.491743718,1028.846435546875,16.2550831792976,33.33826247689464,215.8,35.8
2016,7,5015300.458664306,1030.07275390625,16.31511839708562,33.1948998178506,215.8,35.7
2016,8,1557465.933445591,1020.630126953125,13.54358974358971,36.97948717948714,213,39.5
2016,9,0,1017.767028808594,15.5,36,215,38.5
2016,10,1046748.490849156,1022.226745605469,6.952000000000005,29.11999999999998,206.5,31.6
2016,11,3473887.0380173,1022.507568359375,17.01084010840108,27.33604336043373,216.5,29.8
2016,12,5090183.471174058,1025.395141601562,19.6111111111111,32.86021505376345,219.1,35.40000000000001
2017,1,592685.6193470529,1020.836853027344,29.79452054794523,25.16438356164384,229.3,27.7
2017,2,0,1019.803527832031,33.66666666666667,24.33333333333334,233.2,26.8
2017,3,3197726.265175286,1023.717041015625,24.32058823529415,27.45882352941179,223.8,30
2017,4,2612945.950392854,1021.942138671875,20.72413793103448,27.37241379310344,220.2,29.9
2017,5,5884491.841129703,1026.165405273438,17.33600000000003,31.27840000000002,216.8,33.8
2017,6,4158593.415379945,1023.280639648438,16.22295805739514,31.39514348785873,215.7,33.90000000000001
2017,7,5343413.15667002,1026.421752929688,16.38965517241379,32.74999999999998,215.9,35.2
2017,8,4013271.899611084,1023.540710449219,14.9977528089888,33.34157303370775,214.5,35.8
2017,9,1629445.925759582,1022.127014160156,20.36923076923071,33.93333333333327,219.9,36.4
2017,10,3822700.698365396,1025.110229492188,18.38672768878719,34.80091533180781,217.9,37.3
2017,11,1001391.819664777,1023.897094726562,4.960317460317457,34.50793650793648,204.5,37
2017,12,1598085.963235473,1024.407592773438,29.09574468085112,33.3031914893618,228.6,35.8
2018,1,2066718.447296713,1021.923461914062,23.96137339055792,28.36051502145922,223.5,30.9
2018,2,5297731.552668231,1031.2158203125,20.26003490401396,32.11169284467712,219.8,34.6
2018,3,1728309.196606025,1024.101440429688,7.467980295566501,34.38423645320197,207,36.9
2018,4,3921217.975624581,1023.547790527344,20.67370892018782,29.45539906103286,220.2,32
2018,5,5587382.108072849,1023.968994140625,18.02857142857137,31.1563025210083,217.5,33.7
2018,6,5223221.746900073,1025.88427734375,17.1882770870337,32.08525754884547,216.7,34.6
2018,7,5232745.61862549,1030.290649414062,16.46397188049211,32.92618629173992,216,35.40000000000001
2018,8,4431838.965897988,1026.034057617188,15.92448979591839,33.78367346938778,215.4,36.3
2018,9,2794639.625266939,1023.03125,16.20489296636082,35.42201834862387,215.7,37.9
2018,10,971514.5171828088,1021.233825683594,23.18181818181818,33.8512396694215,222.7,36.4
2018,11,2264051.706838338,1021.812744140625,23.82608695652171,29.84584980237156,223.3,32.3
2018,12,3926577.183983934,1023.120300292969,19.99522673031029,27.85202863961814,219.5,30.4
2019,1,305838.3081679071,1020.512329101562,31.14285714285714,25.78571428571429,230.6,28.3
2019,2,2685790.323968678,1027.738403320312,13.50000000000001,35.11783439490447,213,37.6
2019,3,1703695.440387411,1021.299621582031,17.4292682926829,25.77073170731704,216.9,28.3
2019,4,5656623.003176912,1024.809326171875,19.05210084033607,29.85210084033604,218.6,32.40000000000001
2019,5,3258728.494996627,1023.011901855469,19.59668508287291,31.98618784530388,219.1,34.5
2019,6,4709911.588745806,1026.725341796875,18.58058252427182,32.69126213592234,218.1,35.2
2019,7,5384610.783406163,1024.204345703125,17.34075342465757,32.74315068493136,216.8,35.2
2019,8,1272387.302547457,1021.311096191406,21.16107382550336,29.6040268456376,220.7,32.1
2019,9,3770872.71682982,1024.868041992188,15.16037735849059,34.25943396226415,214.7,36.8
2019,10,3071804.51710388,1023.93408203125,21.32664756446989,33.78510028653295,220.8,36.3
2019,11,1638273.702608847,1021.65380859375,24.72395833333333,32.4375,224.2,34.90000000000001
2019,12,2580543.280016298,1022.122009277344,15.37762237762237,28.18181818181808,214.9,30.7
2020,1,5214363.536044026,1026.47412109375,19.45488029465928,28.03130755064456,219,30.5
2020,2,6389755.587459246,1030.812866210938,18.60856720827181,31.19202363367802,218.1,33.7
2020,3,6871704.075835255,1029.905029296875,17.09749303621168,30.32869080779938,216.6,32.8
2020,4,4710316.151956607,1025.477294921875,22.74549098196389,29.86773547094188,222.2,32.40000000000001
2020,5,3950318.453944997,1022.864379882812,16.16229116945106,28.24821002386632,215.7,30.7
2020,6,5771728.919503797,1026.367553710938,16.58576051779933,31.74433656957936,216.1,34.2
2020,7,4971569.540874751,1028.226684570312,15.74723247232471,32.91328413284133,215.2,35.40000000000001
2020,8,4161644.029619274,1025.307373046875,14.32321041214755,33.56616052060713,213.8,36.1
2020,9,314308.260907255,1020.381469726562,7.199999999999999,29.9777777777778,206.7,32.5
2020,10,2462747.86813666,1024.303955078125,21.85467128027683,35.0415224913495,221.4,37.5
2020,11,5812599.669391146,1024.459716796875,17.3961038961039,31.17045454545457,216.9,33.7
2020,12,4222707.724668316,1025.552612304688,22.60491071428573,28.02678571428571,222.1,30.5
2021,1,4332828.07753898,1023.866577148438,19.50551876379691,27.23620309050771,219,29.7
2021,2,5842322.105186408,1027.979370117188,20.46601941747574,30.72653721682849,220,33.2
2021,3,7229693.920234019,1028.599975585938,17.90969455511301,30.39840637450219,217.4,32.90000000000001
2021,4,5070624.950572835,1023.767333984375,18.04440497335701,32.97868561278863,217.5,35.5
2021,5,6432502.306620666,1027.865600585938,17.97640117994094,31.06932153392325,217.5,33.6
2021,6,4922949.929038038,1024.802734375,14.92992424242418,31.41477272727273,214.4,33.90000000000001
2021,7,5388305.646335429,1028.352661132812,16.0445969125214,32.52315608919379,215.5,35
2021,8,4498359.51863385,1028.062377929688,14.64444444444443,33.24646464646467,214.1,35.7
2021,9,4306178.187337639,1024.161376953125,14.74468085106383,32.14893617021274,214.2,34.6
2021,10,3606787.598025889,1024.095825195312,13.21012658227854,30.84556962025313,212.7,33.3
2021,11,2462705.004136316,1023.040100097656,25.8860294117647,29.05882352941175,225.4,31.6
2021,12,4125856.499493205,1030.848388671875,14.31567328918323,32.20971302428256,213.8,34.7
2022,1,2423105.161273218,1023.550476074219,26.89667896678965,30.46125461254612,226.4,33
2022,2,5110058.959625051,1029.271728515625,21.83272058823535,30.90257352941176,221.3,33.40000000000001
2022,3,0,1017.251770019531,25.5,30,225,32.5
2022,4,6233865.013456849,1026.407470703125,17.56461538461538,29.92307692307693,217.1,32.40000000000001
2022,5,5678250.639091756,1026.41357421875,18.9782244556114,29.80737018425467,218.5,32.3
2022,6,4096325.87633848,1022.532836914062,15.49659863945578,30.72789115646256,215,33.2
2022,7,5448067.856602556,1029.775024414062,15.22126929674096,31.84391080617489,214.7,34.3
2022,8,3750910.864560549,1021.952270507812,14.66666666666667,33.58809523809527,214.2,36.1
2022,9,255870.690980136,1020.124145507812,16.46341463414634,35.34146341463415,216,37.8
2022,10,1354263.336672007,1021.516540527344,26.20245398773006,34.16564417177913,225.7,36.7
2022,11,5514052.310089146,1024.340209960938,18.59766277128545,32.06343906510852,218.1,34.6
2022,12,424423.221325435,1020.396789550781,30.72727272727273,26.18181818181818,230.2,28.7
2023,1,951349.8692458778,1020.884765625,27.43119266055045,24.27522935779815,226.9,26.8
2023,2,7022745.405113738,1031.057495117188,17.66666666666671,30.2814207650273,217.2,32.8
2023,3,2812782.515839604,1021.509582519531,22.03134796238238,29.67084639498439,221.5,32.2
2023,4,5763311.619566411,1024.61962890625,18.28171334431631,30.29324546952223,217.8,32.8
2023,5,4936718.628742854,1023.917663574219,15.91165413533837,31.6109022556391,215.4,34.1
2023,6,5614160.770631622,1026.463134765625,16.60333333333334,31.67333333333333,216.1,34.2
2023,7,5382974.932009973,1027.534301757812,15.95869191049912,32.4388984509466,215.5,34.90000000000001
2023,8,4667354.757208359,1024.835205078125,14.79371316306485,32.91552062868372,214.3,35.40000000000001
2023,9,3701132.854725448,1024.45361328125,13.03414634146338,32.9024390243902,212.5,35.40000000000001
2023,10,96413.66598104981,1018.342712402344,25.88888888888889,27.88888888888889,225.4,30.4
2023,11,2163235.062838089,1021.924682617188,11.78455284552848,31.45528455284543,211.3,34
2023,12,32451.41274792756,1020.178527832031,2.111111111111111,26.88888888888889,201.6,29.4
2024,1,865435.8857879825,1021.712646484375,29.82352941176471,25.40196078431372,229.3,27.9
2024,2,2410399.943208337,1022.18994140625,9.544401544401541,27.15057915057918,209,29.7
2024,3,5143314.111512512,1025.503051757812,15.65853658536585,27.70731707317071,215.2,30.2
2024,4,6864892.477222895,1028.482543945312,17.8736111111111,30.88055555555551,217.4,33.40000000000001
2024,5,6153610.330301352,1028.5478515625,17.66768292682928,31.67073170731706,217.2,34.2
2024,6,4798158.607573474,1024.58251953125,15.86744639376215,30.74074074074072,215.4,33.2
2024,7,5015729.809441491,1027.310546875,15.16849816849812,32.65750915750929,214.7,35.2
2024,8,4872877.448517355,1025.146728515625,15.43126177024483,32.85875706214696,214.9,35.40000000000001
2024,9,1630203.066948876,1021.869079589844,16.92129629629628,35.89351851851857,216.4,38.4
2024,10,3215776.552320155,1022.625305175781,13.77961432506884,31.33608815427,213.3,33.8
2024,11,3298167.266077518,1022.32177734375,13.79338842975205,31.04958677685952,213.3,33.5
2024,12,1913425.285834857,1022.731079101562,26.95238095238093,26.16666666666667,226.5,28.7
2025,1,3753005.755207611,1026.91357421875,25.17980295566511,30.96551724137932,224.7,33.5
2025,2,1838242.790344954,1022.101196289062,27.04000000000002,26.045,226.5,28.5
2025,3,5689851.879665529,1024.990356445312,16.83648881239242,26.87951807228915,216.3,29.4
2025,4,6440119.727071222,1026.65478515625,18.65486725663708,30.7949852507374,218.2,33.3
2025,5,6479200.895460946,1026.685180664062,17.72140762463347,30.84164222873909,217.2,33.3
2025,6,5740274.053412552,1029.22900390625,16.29870129870131,32.07629870129873,215.8,34.6
2025,7,5719371.408199277,1027.31787109375,16.22094926350245,31.91653027823239,215.7,34.40000000000001
2025,8,5296191.338486725,1023.025085449219,16.24300699300696,32.52622377622379,215.7,35
2025,9,2022621.308400963,1022.322814941406,9.893162393162367,32.5726495726496,209.4,35.1
2025,10,3762128.950975419,1023.401611328125,15.65467625899278,32.70263788968823,215.2,35.2
2025,11,1901615.588254288,1021.118835449219,13.10185185185184,28.59722222222225,212.6,31.1
