time,"fraction below threshold ""mn_75kmS"""
1980-01-01,0.39311939920997463
1980-02-01,0.30173747288940245
1980-03-01,0.3540027580595206
1980-04-01,0.4549855776662194
1980-05-01,0.3793119957943186
1980-06-01,0.9959201244227683
1980-07-01,0.5015676648371091
1980-08-01,0.3130098883733135
1980-09-01,0.31952200945241577
1980-10-01,0.5373188625556746
1980-11-01,0.9473827852644581
1980-12-01,0.2915847372481085
1981-01-01,0.27808270999477197
1981-02-01,0.39596641841412833
1981-03-01,0.35659772621727165
1981-04-01,0.5077527635298849
1981-05-01,0.33500538966055976
1981-06-01,0.5606503688027392
1981-07-01,0.33507378381179326
1981-08-01,0.32084885413141007
1981-09-01,0.4100206034924137
1981-10-01,0.524904298463145
1981-11-01,0.9195368469761612
1981-12-01,0.4169161412307326
1982-01-01,0.7288919747763033
1982-02-01,0.7035737713889174
1982-03-01,0.5563724944473672
1982-04-01,0.5384815215018407
1982-05-01,0.4423205858879102
1982-06-01,1.0
1982-07-01,0.7263824093942418
1982-08-01,0.447028664469109
1982-09-01,0.3583973769663216
1982-10-01,0.3693746153115253
1982-11-01,0.6074816420613212
1982-12-01,0.2954826251351702
1983-01-01,0.19222596603925127
1983-02-01,0.1291010540502072
1983-03-01,0.275050100713703
1983-04-01,0.4876243705575026
1983-05-01,0.32786429511987725
1983-06-01,0.9396174058284563
1983-07-01,0.47681803430365427
1983-08-01,0.2095386434171037
1983-09-01,0.0
1983-10-01,0.03887925654558722
1983-11-01,0.34866234378951344
1983-12-01,0.2599790371574305
1984-01-01,0.38937248355847
1984-02-01,0.3966281049487314
1984-03-01,0.3781294740564297
1984-04-01,0.4534304423215092
1984-05-01,0.42575906418900017
1984-06-01,0.7441194282245016
1984-07-01,0.3816582129447376
1984-08-01,0.2246396611388722
1984-09-01,0.010873967181294623
1984-10-01,0.38923066054510075
1984-11-01,0.8599802751356147
1984-12-01,0.4853180789766052
1985-01-01,0.7473842625868541
1985-02-01,0.840381188108398
1985-03-01,0.9967008946483766
1985-04-01,0.6308027579571186
1985-05-01,0.47575791237838233
1985-06-01,0.993587673274432
1985-07-01,0.43403138714013845
1985-08-01,0.3885925242140451
1985-09-01,0.34072896000492625
1985-10-01,0.3749558541649964
1985-11-01,0.8648096125445394
1985-12-01,0.5314093957333514
1986-01-01,0.44785258918121174
1986-02-01,0.4949039122242379
1986-03-01,0.46851672529079585
1986-04-01,0.44627998864872104
1986-05-01,0.4454718095410615
1986-06-01,0.8920048728962655
1986-07-01,0.4548902036062519
1986-08-01,0.43787336835959034
1986-09-01,0.4515582162621584
1986-10-01,0.4232919952847976
1986-11-01,0.5019021227949684
1986-12-01,0.06463875884389698
1987-01-01,0.40164034798494275
1987-02-01,0.48125102103042117
1987-03-01,0.5434347229942663
1987-04-01,0.44713438101658376
1987-05-01,0.3423235952021711
1987-06-01,0.9632688307312373
1987-07-01,0.7657307166080564
1987-08-01,0.3424702944285643
1987-09-01,0.3551247017822937
1987-10-01,0.3012271023268287
1987-11-01,0.5211629962054684
1987-12-01,0.4320437344336141
1988-01-01,0.8466651051657711
1988-02-01,0.8344938327490088
1988-03-01,0.47252460374337346
1988-04-01,0.39869385710808936
1988-05-01,0.4783895850310202
1988-06-01,0.9983521120344199
1988-07-01,0.5121826614260647
1988-08-01,0.3799530445316492
1988-09-01,0.378776125566784
1988-10-01,0.4455103899542054
1988-11-01,1.0
1988-12-01,0.6618592334455804
1989-01-01,0.9719926111035412
1989-02-01,0.9835236500303085
1989-03-01,0.9262048318611739
1989-04-01,0.44091210114742196
1989-05-01,0.4457640580514211
1989-06-01,1.0
1989-07-01,0.48002706377918114
1989-08-01,0.414634530715735
1989-09-01,0.42174519837608443
1989-10-01,0.48542466325144856
1989-11-01,0.5558105135669312
1989-12-01,0.1332363107204339
1990-01-01,0.4334829807959063
1990-02-01,0.7168951392793117
1990-03-01,0.6573826993406697
1990-04-01,0.43042917150818616
1990-05-01,0.4082753854988486
1990-06-01,0.8165270745382942
1990-07-01,0.39342295090404333
1990-08-01,0.3386618405676057
1990-09-01,0.3275560918987176
1990-10-01,0.3336001017580908
1990-11-01,0.484731161746928
1990-12-01,0.3257351262591956
1991-01-01,0.5137600046194059
1991-02-01,0.4312840197788578
1991-03-01,0.6742386757997423
1991-04-01,0.6437818687931266
1991-05-01,0.6528206897476762
1991-06-01,0.9904027301454613
1991-07-01,0.869955254350245
1991-08-01,0.6893138112277943
1991-09-01,0.4738934901450478
1991-10-01,0.4813421547354549
1991-11-01,0.7549680802993994
1991-12-01,0.44933792452356713
1992-01-01,0.5011164090052711
1992-02-01,0.39088540419203466
1992-03-01,0.3409565733573684
1992-04-01,0.25302329436913257
1992-05-01,0.05215567068306698
1992-06-01,0.5795256833967484
1992-07-01,0.32637562112244156
1992-08-01,0.3242034716949258
1992-09-01,0.3003874301274917
1992-10-01,0.2845420006464478
1992-11-01,0.37159971422961563
1992-12-01,0.2007363579863715
1993-01-01,0.5203215486162907
1993-02-01,0.4304289541515041
1993-03-01,0.3581787653829281
1993-04-01,0.4288378626766675
1993-05-01,0.27045940491211845
1993-06-01,0.4524310507966888
1993-07-01,0.33708607829956044
1993-08-01,0.35678816217676634
1993-09-01,0.37020750786063733
1993-10-01,0.3432278778788285
1993-11-01,0.6421914086894311
1993-12-01,0.18976971721895547
1994-01-01,0.3670643892102015
1994-02-01,0.4525812577332381
1994-03-01,0.3961978571615517
1994-04-01,0.5348890372553077
1994-05-01,0.435232746870241
1994-06-01,0.7864851342458485
1994-07-01,0.5117818674467024
1994-08-01,0.3673772977538243
1994-09-01,0.36066014488306
1994-10-01,0.4504265857539457
1994-11-01,0.9769287511860205
1994-12-01,0.48407464299005737
1995-01-01,0.7295991878652435
1995-02-01,0.3184488947683889
1995-03-01,0.3319744885598718
1995-04-01,0.5090134308238364
1995-05-01,0.48442566970246614
1995-06-01,0.991784893978175
1995-07-01,0.4601068845214892
1995-08-01,0.2972809823527326
1995-09-01,0.3500575303470075
1995-10-01,0.3220585831054139
1995-11-01,0.5490690205769984
1995-12-01,0.2194283197739939
1996-01-01,0.408958730861315
1996-02-01,0.3629894029580696
1996-03-01,0.4484686166189647
1996-04-01,0.46627964158809626
1996-05-01,0.2707550862701231
1996-06-01,0.680442057852653
1996-07-01,0.4107708147393973
1996-08-01,0.3783061489692549
1996-09-01,0.35702469302806233
1996-10-01,0.48067763449855583
1996-11-01,0.9695241863028617
1996-12-01,0.45670016946849185
1997-01-01,0.5377932052721267
1997-02-01,0.5622163194168178
1997-03-01,0.4566758692250639
1997-04-01,0.43356693261764356
1997-05-01,0.25045784429776885
1997-06-01,0.47537586872927123
1997-07-01,0.3870873381116217
1997-08-01,0.09669155394777262
1997-09-01,0.011044244187080074
1997-10-01,0.1058167056216141
1997-11-01,0.1998566394067645
1997-12-01,0.0
1998-01-01,0.04763240999645598
1998-02-01,0.195410115448762
1998-03-01,0.30106755056873746
1998-04-01,0.47322112831752294
1998-05-01,0.35645600264103305
1998-06-01,0.8089223589902882
1998-07-01,0.43985483605178843
1998-08-01,0.28007103468757744
1998-09-01,0.27696406213124763
1998-10-01,0.433902245424234
1998-11-01,0.9728635179707904
1998-12-01,0.6321464916191573
1999-01-01,0.7946030660892275
1999-02-01,0.9057601001607022
1999-03-01,0.9507304908168375
1999-04-01,0.9515164929116956
1999-05-01,0.6875860200452799
1999-06-01,0.9912231159507825
1999-07-01,0.5108771591198461
1999-08-01,0.5115620192890256
1999-09-01,0.4498549826077756
1999-10-01,0.4887354982449989
1999-11-01,0.8836415331937785
1999-12-01,0.5500982020894605
2000-01-01,0.7041506861048406
2000-02-01,0.6691805941580123
2000-03-01,0.8179090735891825
2000-04-01,0.4960535020045446
2000-05-01,0.42201117244661424
2000-06-01,0.6425169539161983
2000-07-01,0.4143066368180748
2000-08-01,0.391052992029902
2000-09-01,0.3632302278546784
2000-10-01,0.43615717189764525
2000-11-01,0.9614132968840727
2000-12-01,0.4996535015554199
2001-01-01,0.6727092431097907
2001-02-01,0.9441753483996365
2001-03-01,0.7649620246446467
2001-04-01,0.9297085023879323
2001-05-01,0.35590947817084073
2001-06-01,0.5852463603742217
2001-07-01,0.43787873637171487
2001-08-01,0.4505931964938066
2001-09-01,0.4339925124332637
2001-10-01,0.5042354077491144
2001-11-01,0.8787779406251052
2001-12-01,0.6250381365604715
2002-01-01,0.6714230584068863
2002-02-01,0.9277860524361556
2002-03-01,0.8838394320984624
2002-04-01,0.8284750541041226
2002-05-01,0.5460959609643231
2002-06-01,0.9809437253538383
2002-07-01,0.6398535337632871
2002-08-01,0.434305337814802
2002-09-01,0.42606759566007285
2002-10-01,0.6038866176630874
2002-11-01,0.9925878887468005
2002-12-01,0.28463933898921423
2003-01-01,0.3249957199906695
2003-02-01,0.44252324673274657
2003-03-01,0.5638013214937206
2003-04-01,0.6543869934672008
2003-05-01,0.534141176691762
2003-06-01,0.9960154576143507
2003-07-01,0.42228511956509446
2003-08-01,0.29076792472673246
2003-09-01,0.35525534559599886
2003-10-01,0.4588385890900454
2003-11-01,0.8078602522685842
2003-12-01,0.4560365900263943
2004-01-01,0.6388763412964886
2004-02-01,0.7837739039914876
2004-03-01,0.5929101688835894
2004-04-01,0.4599419323939489
2004-05-01,0.38848632512620407
2004-06-01,0.9385490870664995
2004-07-01,0.43613959020667287
2004-08-01,0.4100506673595846
2004-09-01,0.26951356335686116
2004-10-01,0.4416476686330957
2004-11-01,0.7876488471560401
2004-12-01,0.3900060006683703
2005-01-01,0.46067550927191264
2005-02-01,0.45118417911919156
2005-03-01,0.4346480354726514
2005-04-01,0.5786693787450634
2005-05-01,0.22733854611960772
2005-06-01,0.8992638391293045
2005-07-01,0.5753356555026796
2005-08-01,0.3712099590535972
2005-09-01,0.4053934118582684
2005-10-01,0.5566430483715467
2005-11-01,0.9679896736489025
2005-12-01,0.5335729464748536
2006-01-01,0.7205094602926764
2006-02-01,0.7114837613527667
2006-03-01,0.900924397899428
2006-04-01,0.5830979502861036
2006-05-01,0.39572280330668713
2006-06-01,0.6034840443562546
2006-07-01,0.40325072630187186
2006-08-01,0.3263458611611634
2006-09-01,0.42854870552964747
2006-10-01,0.500779624172555
2006-11-01,0.5606787105807453
2006-12-01,0.391600761412529
2007-01-01,0.6220639262490962
2007-02-01,0.6744567153454908
2007-03-01,0.681919706690568
2007-04-01,0.6599826638113327
2007-05-01,0.4870153159643689
2007-06-01,0.9615410523152589
2007-07-01,0.4562711214736077
2007-08-01,0.3849248206036982
2007-09-01,0.3858774137182196
2007-10-01,0.5977742623771685
2007-11-01,0.9198122763279621
2007-12-01,0.5572980379562504
2008-01-01,0.9736363423107518
2008-02-01,0.995051341972565
2008-03-01,1.0
2008-04-01,0.7806706760406538
2008-05-01,0.5038768136556854
2008-06-01,0.8917548816604768
2008-07-01,0.40229565212265483
2008-08-01,0.3458960832187672
2008-09-01,0.351374076404535
2008-10-01,0.45949055625752183
2008-11-01,0.6935419294415601
2008-12-01,0.5012644394345444
2009-01-01,0.7190611934383188
2009-02-01,0.7912402934885278
2009-03-01,0.8444639206401112
2009-04-01,0.6578078160671254
2009-05-01,0.46164508828055417
2009-06-01,0.9161109737860456
2009-07-01,0.4078331300517775
2009-08-01,0.42056417824028797
2009-09-01,0.3460693308543051
2009-10-01,0.4539753379012672
2009-11-01,0.7415084329485984
2009-12-01,0.4732877052518569
2010-01-01,0.47002353202885533
2010-02-01,0.44857717986475265
2010-03-01,0.5739327443419198
2010-04-01,0.6295658567539839
2010-05-01,0.5951519109390191
2010-06-01,0.9785200728670027
2010-07-01,0.9272374920396389
2010-08-01,0.6234666437582829
2010-09-01,0.5511941787653757
2010-10-01,0.6404498198777747
2010-11-01,0.9819154759927506
2010-12-01,0.7387255436986181
2011-01-01,0.910482963827065
2011-02-01,0.9859879656915034
2011-03-01,0.9769982802190128
2011-04-01,0.5886264533074262
2011-05-01,0.5005627842346397
2011-06-01,1.0
2011-07-01,0.5211945284418542
2011-08-01,0.4640961531448626
2011-09-01,0.4674017923585724
2011-10-01,0.7209601965611813
2011-11-01,0.9818824610433144
2011-12-01,0.5517316503653794
2012-01-01,0.6917712888494237
2012-02-01,0.7642381324297337
2012-03-01,0.9769498380031068
2012-04-01,0.8260918725490946
2012-05-01,0.4519995971191772
2012-06-01,0.9776813476836802
2012-07-01,0.6719697968429192
2012-08-01,0.3986598424104209
2012-09-01,0.35109175440338364
2012-10-01,0.33526109994466563
2012-11-01,0.6653083696288019
2012-12-01,0.19292150395926538
2013-01-01,0.7631078833122188
2013-02-01,0.8982676118907768
2013-03-01,0.7424629299726485
2013-04-01,0.5480298168323995
2013-05-01,0.3957140060410071
2013-06-01,0.7444533615632242
2013-07-01,0.4430507354753092
2013-08-01,0.46440657411090364
2013-09-01,0.4248188613453051
2013-10-01,0.4359767581318788
2013-11-01,0.7465003833575025
2013-12-01,0.416188948754529
2014-01-01,0.383798958787001
2014-02-01,0.45599030223997145
2014-03-01,0.40854018051608204
2014-04-01,0.47535421183805626
2014-05-01,0.24838631460504546
2014-06-01,0.4654931208243551
2014-07-01,0.27977841445934465
2014-08-01,0.09148420585375705
2014-09-01,0.07500331145245977
2014-10-01,0.06696675131310438
2014-11-01,0.36154725602047805
2014-12-01,0.0
2015-01-01,0.007767812440348738
2015-02-01,0.03496046069033385
2015-03-01,0.053032971110693786
2015-04-01,0.2622590415992213
2015-05-01,0.30498401308296597
2015-06-01,0.5490001883520674
2015-07-01,0.19186524003060182
2015-08-01,0.08606117737361371
2015-09-01,0.00854892628893394
2015-10-01,0.010108207243468044
2015-11-01,0.37563890700451996
2015-12-01,0.07864866036070711
2016-01-01,0.35898471158414014
2016-02-01,0.3122181837899201
2016-03-01,0.37091373700671915
2016-04-01,0.4122101547064307
2016-05-01,0.31625426802503875
2016-06-01,0.6629792464306563
2016-07-01,0.39253743909073735
2016-08-01,0.31771253123515397
2016-09-01,0.34320331884029076
2016-10-01,0.38679327198041863
2016-11-01,0.45862170482630593
2016-12-01,0.3946231928811095
2017-01-01,0.5145352522922262
2017-02-01,0.5468683641516728
2017-03-01,0.5039333507585647
2017-04-01,0.493174592152549
2017-05-01,0.4240650064397446
2017-06-01,0.9082056952919666
2017-07-01,0.43239508709352864
2017-08-01,0.35828874729178817
2017-09-01,0.16258296448815682
2017-10-01,0.3654266525474333
2017-11-01,0.48747638701270646
2017-12-01,0.16627490099317474
2018-01-01,0.34242938740785506
2018-02-01,0.37312161590152554
2018-03-01,0.5462702515541573
2018-04-01,0.5656536669679959
2018-05-01,0.44757652705746453
2018-06-01,0.8011936168217219
2018-07-01,0.37657390105954336
2018-08-01,0.2908867661781609
2018-09-01,0.3552184258229424
2018-10-01,0.3161694147061229
2018-11-01,0.34170840231362065
2018-12-01,0.024897180428004317
2019-01-01,0.3900622165477018
2019-02-01,0.5177337583019563
2019-03-01,0.5917157444464727
2019-04-01,0.470253438050803
2019-05-01,0.30158972149294955
2019-06-01,0.7685110131789014
2019-07-01,0.5116474129549179
2019-08-01,0.41330222566346564
2019-09-01,0.33231632809207645
2019-10-01,0.4267893212731881
2019-11-01,0.5325971279695646
2019-12-01,0.33676789913921995
2020-01-01,0.4226317498718198
2020-02-01,0.45953625959583144
2020-03-01,0.4288736528260462
2020-04-01,0.4266494651952066
2020-05-01,0.34165799019159804
2020-06-01,0.6201934800274641
2020-07-01,0.42746607810780807
2020-08-01,0.3886503761291129
2020-09-01,0.22686631187735098
2020-10-01,0.18503692530606206
2020-11-01,0.650649251210929
2020-12-01,0.43597442372269946
2021-01-01,0.6395257402169056
2021-02-01,0.7778373529147408
2021-03-01,0.8592260126568174
2021-04-01,0.579502052399872
2021-05-01,0.4288450320950141
2021-06-01,0.9664055628088006
2021-07-01,0.42392618650999087
2021-08-01,0.3663047955829727
2021-09-01,0.3614591534590874
2021-10-01,0.5372003179077389
2021-11-01,0.7427296707906295
2021-12-01,0.40480261268715456
2022-01-01,0.5802992383203454
2022-02-01,0.494883575929478
2022-03-01,0.5554493750262702
2022-04-01,0.5195772173765218
2022-05-01,0.4814904181034937
2022-06-01,0.8375660796312338
2022-07-01,0.47262232296296686
2022-08-01,0.37021917245227653
2022-09-01,0.1876100713787207
2022-10-01,0.36715115067038945
2022-11-01,0.9120926030955835
2022-12-01,0.46600730072884167
2023-01-01,0.6586304233752054
2023-02-01,0.9006506917403625
2023-03-01,0.966237578857943
2023-04-01,0.9268891849462689
2023-05-01,0.47371785503134456
2023-06-01,0.9808417567231732
2023-07-01,0.557641171251008
2023-08-01,0.3507836623625957
2023-09-01,0.16501427817554104
2023-10-01,0.40717701168396764
2023-11-01,0.5972631593105362
2023-12-01,0.006212340290951131
2024-01-01,0.4234165363087583
2024-02-01,0.44076391635974543
2024-03-01,0.33408121933995466
2024-04-01,0.5715312207484993
2024-05-01,0.502159012348157
2024-06-01,0.9382660483625265
2024-07-01,0.46944148455698703
2024-08-01,0.4283294112668268
2024-09-01,0.41170438571825146
2024-10-01,0.5158102214736051
2024-11-01,0.9983504473241882
2024-12-01,0.5078715985544515
2025-01-01,0.8159348821328093
2025-02-01,0.8624289691489093
2025-03-01,0.8287074528514955
2025-04-01,0.6561193138270565
2025-05-01,0.42468524953570025
2025-06-01,0.5870959923199927
2025-07-01,0.41369547909046267
2025-08-01,0.4328540115288998
2025-09-01,0.10669902719048953
2025-10-01,0.35634630933436445
2025-11-01,0.5997768662533264
2025-12-01,0.008534510314354636
2026-01-01,0.14026810974833628
2026-02-01,0.11598693907221067
2026-03-01,0.17433979555442075
2026-04-01,0.06801578505362003
2026-05-01,0.16161620314356953
